<Report><Section name="DataCollector03"><Table name="registryKeys" level="1"><Header><Data name="registryKeysQuery" class="string"/><Data name="registryKeysOpenResult" class="number"/><Header><Data name="registryKeysKey" class="string"/><Data name="registryKeysValue" class="string"/><Data name="registryKeysType" class="number"/><Data name="registryKeysLookupResult" class="number"/></Header></Header></Table><Table name="configurationFiles" level="1"><Header><Data name="configurationFilesQuery" class="string"/><Data name="configurationFilesOpenResult" class="number"/><Header><Data name="configurationFilesFrom" class="string"/><Data name="configurationFilesTo" class="string"/><Data name="configurationFilesCopyResult" class="number"/></Header></Header></Table><Table name="managementObjects" level="1"><Header><Data name="managementObjectsQuery" class="string"/><Data name="managementObjectsResult" class="number"/><Header><Data name="managementObjectsRelativePath" class="string"/><Header><Data name="managementObjectsProperty" class="string"/><Data name="managementObjectsValue" class="string"/></Header></Header></Header></Table></Section></Report>
